{
 "A": {
  "z_p5": 0.9527773406766327,
  "AP_lift": 0.48312458764664895,
  "macroAUC": 0.9000931838738246,
  "params": 23106048
 },
 "B": {
  "z_p5": 0.9397010228166797,
  "AP_lift": 0.4548136390322337,
  "macroAUC": 0.8906546220352682,
  "params": 14717440
 },
 "C": {
  "z_p5": 0.9353894571203776,
  "AP_lift": 0.43973902766080486,
  "macroAUC": 0.8851060193046973,
  "params": 5296640
 },
 "D": {
  "z_p5": 0.9475373721479151,
  "AP_lift": 0.46951832888572,
  "macroAUC": 0.8885603729930821,
  "params": 5296640
 },
 "E": {
  "z_p5": 0.9470653029110937,
  "AP_lift": 0.4667756519752443,
  "macroAUC": 0.888375190364832,
  "params": 4248077
 },
 "F": {
  "z_p5": 0.9555625491738787,
  "AP_lift": 0.48814813066055085,
  "macroAUC": 0.8958664056976209,
  "params": 5296640
 }
}